Workbook

Sheet Plan matematikasi
B1: INTELLEKT O'QUV MARKAZI KIRUVCHI ADMIN KPI
B2: REJA MATEMATIKASI — 80–100 SHARTNOMA UCHUN NIMA KERAK
B3: Orqadan oldinga hisoblaymiz: shartnomadan boshlab, kerakli lid soniga qadar.
B4: BOSHLANG'ICH FARAZLAR (sariq katakchalarni o'zgartirsangiz — hamma narsa qayta hisoblanadi)
B5: Markazga kelgan → shartnoma konversiyasi | C5: 0.8 | F5: Sinov darsiga kelgan odam qanchasi shartnoma qiladi. Bizdagi haqiqiy raqam.
B6: Qo'ng'iroq → sinov darsiga kelish konversiyasi | C6: 0.32 | F6: O'rtacha daraja. Kamida 25%, zo'ri 40–50%.
B7: Oyiga ish kuni | C7: 26 | F7: Yakshanba dam olish.
B8: 1 lidga o'rtacha teginish (qo'ng'iroq/xabar) soni | C8: 3 | F8: Birinchi qo'ng'iroq + qayta aloqa + tasdiqlash.
B9: IKKI SSENARIY: 80 VA 100 SHARTNOMA
B10: Ko'rsatkich | C10: 80 shartnoma | D10: 100 shartnoma | E10: Farq | F10: Izoh
B11: Oylik maqsad: imzolangan shartnoma | C11: =80 -> 80 | D11: =100 -> 100 | E11: =D11-C11 -> 20 | F11: Kutilayotgan reja.
B12: Sinov darsiga KELISHI kerak (odam) | C12: =C11/$C$5 -> 100 | D12: =D11/$C$5 -> 125 | E12: =D12-C12 -> 25 | F12: Shartnoma ÷ 80% konversiya.
B13: Kerakli LID soni (qo'ng'iroq + DM + tashrif) | C13: =C12/$C$6 -> 312.5 | D13: =D12/$C$6 -> 390.625 | E13: =D13-C13 -> 78.125 | F13: Sinovga kelgan ÷ 32% konversiya. BU MARKETINGNING VAZIFASI.
B14: Kunlik lid | C14: =C13/$C$7 -> 12.019231 | D14: =D13/$C$7 -> 15.024038 | E14: =D14-C14 -> 3.0048077 | F14: Kuniga shuncha yangi murojaat kelishi kerak.
B15: Kunlik qo'ng'iroq/teginish | C15: =C14*$C$8 -> 36.057692 | D15: =D14*$C$8 -> 45.072115 | E15: =D15-C15 -> 9.0144231 | F15: Adminning kunlik telefon ishi. (Qo'ng'iroqlar)
B16: Kunlik sinov darsi (kutib olish) | C16: =C12/$C$7 -> 3.8461538 | D16: =D12/$C$7 -> 4.8076923 | E16: =D16-C16 -> 0.96153846 | F16: Kuniga shuncha mehmonni tayyorgarlik bilan kutib olish.
B17: Kunlik shartnoma | C17: =C11/$C$7 -> 3.0769231 | D17: =D11/$C$7 -> 3.8461538 | E17: =D17-C17 -> 0.76923077 | F17: Kuniga o'rtacha shuncha shartnoma.
B18: HULOSA — OCHIQ AYTILADIGAN NARSALAR
B19: 1. 100 shartnoma — bu bitta odam uchun MAKSIMUM CHEGARASI.
B20: Kuniga ~50 qo'ng'iroq + 5 ta mehmonni kutib olish + Instagram Direct + shartnoma rasmiylashtirish. Bu yukda admin sifatni yo'qota boshlaydi. 100 raqami — rolni ikkiga bo'lish signali, gibridning doimiy normasi emas.
B21: 2. 310–390 lid — bu MARKETINGNING ishi, adminniki emas.
B22: Shuning uchun pulning asosiy qismi shartnoma soniga emas, KONVERSIYAGA bog'lanadi. Agar oyda 250 taddan kam lid kelsa — shartnoma rejasi avtomatik qayta hisoblanadi (KALKULYATOR page da shu qoida bor).
B23: 3. «Sinovga yozildi» emas, «sinovga KELDI» hisoblanadi.
B24: Yozilgan-u kelmagan sinov darsi konversiyaga kirmaydi. Bu qoida hozirdan yoziladi — rol bo'lingandan keyin operatorning sifatsiz lidni surib yuborishining oldini oladi.

Sheet KPI qoidalari
A1: KPI QOIDALARI VA KOEFFITSIENTLAR Bu pagr — qonun matni. KALKULYATOR shu yerdagi raqamlarni o'qiydi.
B5: ASOSIY FORMULA
B6: OYLIK = Oklad + ( Shartnoma soni × Baza to'lov × Konversiya koeffitsienti ) × Samaradorlik koeffitsienti − Tiket jarimasi
B8: DOIMIY QIYMATLAR
B9: Oklad | C9: 2500000 | F9: Ishga keldi-ketdi, intizom, CRM dan to'g'ri foydalanish uchun. Natijaga bog'liq emas.
B10: Baza to'lov — 1 ta shartnoma uchun | C10: 35000 | F10: Bonusning qurilish g'ishti.
B11: Tiket jarimasi — 1 ta tiket uchun | C11: 50000 | F11: Sifat nazorati aniqlagan har bir xato uchun.
B12: Kafolatlangan minimum (faqat 1–2 oy) | C12: 4500000 | F12: Kalibrovka davrida xodim ishonchini saqlash uchun.
B13: Markazga kelgan → shartnoma NORMASI | C13: 0.8 | F13: Sinov darsiga kelganlarning shuncha qismi shartnoma qilishi kerak.
B14: Jarima: norma buzilsa (70–79%) | C14: -0.2 | F14: Konversiya koeffitsientidan ayiriladi.
B15: Jiddiy buzilish chegarasi | C15: 0.7 | F15: Kutib olish sifati keskin tushgani.
B16: Jarima: jiddiy buzilish (70% dan past) | C16: -0.4 | F16: Ikki barobar jarima.
B17: Lid oqimi kafolati chegarasi | C17: 250 | F17: Oyda shundan kam lid kelsa — reja qayta hisoblanadi.
B18: KONVERSIYA KOEFFITSIENTI — qo'ng'iroq/lid → sinov darsiga KELISH
B19: Past chegara | C19: Yuqori chegara | D19: KOEFFITSIENT | F19: Izoh
B20: 0 | C20: 0.2499 | D20: 0.5 | F20: Normadan keskin past. Bonus yarmiga kesiladi.
B21: 0.25 | C21: 0.2999 | D21: 0.8 | F21: Minimal chegara. Bonus to'liq emas.
B22: 0.3 | C22: 0.3599 | D22: 1 | F22: NORMA. Bizdan kutilgan daraja — bonus to'liq.
B23: 0.36 | C23: 0.4299 | D23: 1.2 | F23: Normadan yuqori. Bonus 20% ko'p.
B24: 0.43 | C24: 1 | D24: 1.4 | F24: Zo'r natija. Bonus 40% ko'p.
B25: SAMARADORLIK KOEFFITSIENTI — vazifalarni o'z vaqtida bajarish foizi (amoCRM)
B26: Past chegara | C26: Yuqori chegara | D26: KOEFFITSIENT | F26: Izoh
B27: 0 | C27: 0.7999 | D27: 0.75 | F27: Intizom yo'q. Bonusning chorak qismi kesiladi.
B28: 0.8 | C28: 0.8999 | D28: 0.9 | F28: Yetarli emas.
B29: 0.9 | C29: 0.9499 | D29: 1 | F29: NORMA. Bonus to'liq.
B30: 0.95 | C30: 1 | D30: 1.1 | F30: Namunali xodim. Bonus 10% ko'p.
B31: TUZATUVCHI QOIDALAR
B32: Lid oqimi kafolati | C32: Agar oy davomida marketing 250 taddan kam lid bersa — shartnoma rejasi avtomatik qayta hisoblanadi: Reja = kelgan lid × 32% × 80%. Konversiya koeffitsienti esa o'z holicha qoladi. Adminni marketing xatosi uchun jazolamaymiz.
B33: Sinovga «kelish», «yozilish» emas | C33: Yozilganu kelmagan sinov darsi konversiya hisobiga kirmaydi
B34: Offlayn sifat jarimasi — IKKI POG'ONALI | C34: Markazga kelgan - shartnoma konversiyasi 80% dan tushsa, konversiya koeffitsientidan 0.20 ayiriladi. 70% dan ham tushsa — 0.40 ayiriladi. Bu joyda tushish = mijozni yomon kutib olganmiz degani, shuning uchun jarima
B35: Tiket tizimi | C35: Sifat nazorati haftada 5 ta qo'ng'iroqni yashirin mijoz auditining 13 mezoni bo'yicha amalga oshiramiz. Har bir tiket 50 000 so'm. Tiket sabablari: natijani raqam bilan aytmadi · ehtiyojni so'ramadi · sinov darsiga chaqirmadi · e'tirozga javob bermadi · qayta qo'ng'iroq qilmadi · CRMga yozmadi
B36: Bir oyda 5+ tiket | C36: Konversiya koeffitsienti bir pog'ona pastga tushiriladi (masalan 1.0 - 0.8)
B37: Kalibrovka davri | C37: Birinchi 2 oy kafolatlangan minimum 4 500 000 so'm ishlaydi — hisoblangan summa shundan kam chiqsa ham, xodim shu summani oladi. 3-oydan kafolat bekor qilinadi.
B38: CRM gigiyenasi — kirish sharti | C38: Oy oxirida kechikkan vazifa 0 va vazifasiz sdelka 0 bo'lishi shart. Buzilsa, samaradorlik foizi avtomatik pasayadi (amoCRM o'zi hisoblaydi).

Sheet KALKULYATOR
A1: OYLIK KALKULYATORI Sariq yacheykaga oy oxiridagi haqiqiy raqamlarni kiritiladi. Qolgan hamma narsa o'zi hisoblanadi.
B4: 1-QADAM. OY OXIRIDAGI HAQIQIY RAQAMLAR (ruchnoy yoziladi)
B5: Oyda kelgan LID soni (qo'ng'iroq + DM + tashrif) | C5: 280 | D5: amoCRM: oy davomida yaratilgan sdelkalar soni.
B6: Sinov darsiga KELGAN o'quvchi soni | C6: 92 | D6: «Sinov darsi o'tkazildi» etapiga o'tganlar. Yozilgan-u kelmaganlar SANALMAYDI.
B7: Imzolangan SHARTNOMA soni | C7: 74 | D7: «Shartnoma imzolandi» etapi.
B8: Samaradorlik — vazifalar o'z vaqtida bajarilishi | C8: 0.93 | D8: amoCRM hisoboti: bajarilgan / jami vazifa.
B9: Sifat nazorati bergan TIKET soni | C9: 1 | D9: Oy davomidagi jami tiket.
B10: 2-QADAM. KONVERSIYALAR (avtomatik)
B11: Konversiya: LID - sinov darsiga KELISH | C11: =IF(C5=0,0,C6/C5) -> 0.32857143 | D11: Norma: 30–35%. Bu — asosiy KPI.
B12: Konversiya: KELGAN - SHARTNOMA | C12: =IF(C6=0,0,C7/C6) -> 0.80434783 | D12: Norma: 80%. Kutib olish sifatini ko'rsatadi.
B13: Umumiy konversiya: LID - SHARTNOMA | C13: =IF(C5=0,0,C7/C5) -> 0.26428571 | D13: Umumiy tizim samaradorligi.
B14: 3-QADAM. KOEFFITSIENTLAR (avtomatik KPI qoidalari page dan olinadi)
B15: Konversiya koeffitsienti (jadval bo'yicha) | C15: =INDEX('KPI qoidalari'!$D$20:$D$24,MATCH(C11,'KPI qoidalari'!$B$20:$B$24,1)) -> 1 | D15: 3_KPI_qoidalari varag'idagi C-jadval.
B16: Offlayn sifat jarimasi | C16: =IF(C12<'KPI qoidalari'!$C$15,'KPI qoidalari'!$C$16,IF(C12<'KPI qoidalari'!$C$13,'KPI qoidalari'!$C$14,0)) -> 0 | D16: Kelgan → shartnoma 70–79% bo'lsa −0.20; 70% dan past bo'lsa −0.40.
B17: 5+ tiket jarimasi | C17: =IF(C9>=5,-0.2,0) -> 0 | D17: Oyda 5 va undan ko'p tiket bo'lsa bir pog'ona pastga.
B18: YAKUNIY konversiya koeffitsienti | C18: =MAX(0,C15+C16+C17) -> 1 | D18: Jadval koeffitsienti minus jarimalar.
B19: Samaradorlik koeffitsienti | C19: =INDEX('KPI qoidalari'!$D$27:$D$30,MATCH(C8,'KPI qoidalari'!$B$27:$B$30,1)) -> 1 | D19: 3_KPI_qoidalari varag'idagi D-jadval.
B20: 4-QADAM. OYLIK HISOBI
B21: Oklad (qat'iy qism) | C21: ='KPI qoidalari'!$C$9 -> 2500000 | D21: O'zgarmas.
B22: Bonus = Shartnoma × Baza to'lov × Konv.koef × Samar.koef | C22: =C7*'KPI qoidalari'!$C$10*C18*C19 -> 2590000 | D22: Natijaga bog'liq qism.
B23: Tiket jarimasi | C23: =-C9*'KPI qoidalari'!$C$11 -> -50000 | D23: Sifat nazorati xatolari uchun.
B24: HISOBLANGAN OYLIK | C24: =C21+C22+C23 -> 5040000 | D24: Oklad + bonus − jarima.
B25: Kafolat bilan (faqat 1–2 oy) | C25: =MAX(C24,'KPI qoidalari'!$C$12) -> 5040000 | D25: Kalibrovka davrida to'lanadigan summa. 3-oydan bu qator ishlamaydi.
B26: 5-QADAM. NAZORAT — REJA BILAN SOLISHTIRISH
B27: Oylik reja (shartnoma) | C27: =90 -> 90 | D27: Kutilgan norma: 80–100.
B28: Reja bajarilishi | C28: =IF(C27=0,0,C7/C27) -> 0.82222222
B29: Lid oqimi kafolati ishladimi? | C29: =IF(C5<'KPI qoidalari'!$C$17,"HA — reja qayta hisoblanadi","yo'q — lid yetarli") -> yo'q — lid yetarli | D29: 250 taddan kam lid kelsa kafolat yoqiladi.
B30: Qayta hisoblangan reja (kafolat ishlasa) | C30: =IF(C5<'KPI qoidalari'!$C$17,C5*0.32*0.8,C27) -> 90 | D30: Kelgan lid × 32% × 80%.

Sheet Ssenariylar
A1: 6 XIL OY — ADMIN QANCHA OLADI Har bir qator to'liq hisoblangan
B5: Ssenariy | C5: Lid | D5: Sinovga kelgan | E5: Shart- noma | F5: Samarador- lik | G5: Tiket | H5: Konv. lid→sinov | I5: Konv. kelgan→sh. | J5: Konv. koef | K5: Samar. koef | L5: Bonus | M5: JAMI OYLIK | N5: Izoh
B6: Yomon oy | C6: 240 | D6: 62 | E6: 50 | F6: 0.88 | G6: 2 | H6: =D6/C6 -> 0.25833333 | I6: =E6/D6 -> 0.80645161 | J6: =MAX(0,INDEX('KPI qoidalari'!$D$20:$D$24,MATCH(H6,'KPI qoidalari'!$B$20:$B$24,1))+IF(I6<'KPI qoidalari'!$C$15,'KPI qoidalari'!$C$16,IF(I6<'KPI qoidalari'!$C$13,'KPI qoidalari'!$C$14,0))+IF(G6>=5,-0.2,0)) -> 0.8 | K6: =INDEX('KPI qoidalari'!$D$27:$D$30,MATCH(F6,'KPI qoidalari'!$B$27:$B$30,1)) -> 0.9 | L6: =E6*'KPI qoidalari'!$C$10*J6*K6 -> 1260000 | M6: ='KPI qoidalari'!$C$9+L6-G6*'KPI qoidalari'!$C$11 -> 3660000 | N6: Lid ham kam, konversiya ham past. Kafolat ishlaydi.
B7: Plandi pasti | C7: 300 | D7: 96 | E7: 78 | F7: 0.92 | G7: 1 | H7: =D7/C7 -> 0.32 | I7: =E7/D7 -> 0.8125 | J7: =MAX(0,INDEX('KPI qoidalari'!$D$20:$D$24,MATCH(H7,'KPI qoidalari'!$B$20:$B$24,1))+IF(I7<'KPI qoidalari'!$C$15,'KPI qoidalari'!$C$16,IF(I7<'KPI qoidalari'!$C$13,'KPI qoidalari'!$C$14,0))+IF(G7>=5,-0.2,0)) -> 1 | K7: =INDEX('KPI qoidalari'!$D$27:$D$30,MATCH(F7,'KPI qoidalari'!$B$27:$B$30,1)) -> 1 | L7: =E7*'KPI qoidalari'!$C$10*J7*K7 -> 2730000 | M7: ='KPI qoidalari'!$C$9+L7-G7*'KPI qoidalari'!$C$11 -> 5180000 | N7: Norma konversiya, reja bajarildi.
B8: NORMA | C8: 300 | D8: 99 | E8: 80 | F8: 0.93 | G8: 0 | H8: =D8/C8 -> 0.33 | I8: =E8/D8 -> 0.80808081 | J8: =MAX(0,INDEX('KPI qoidalari'!$D$20:$D$24,MATCH(H8,'KPI qoidalari'!$B$20:$B$24,1))+IF(I8<'KPI qoidalari'!$C$15,'KPI qoidalari'!$C$16,IF(I8<'KPI qoidalari'!$C$13,'KPI qoidalari'!$C$14,0))+IF(G8>=5,-0.2,0)) -> 1 | K8: =INDEX('KPI qoidalari'!$D$27:$D$30,MATCH(F8,'KPI qoidalari'!$B$27:$B$30,1)) -> 1 | L8: =E8*'KPI qoidalari'!$C$10*J8*K8 -> 2800000 | M8: ='KPI qoidalari'!$C$9+L8-G8*'KPI qoidalari'!$C$11 -> 5300000 | N8: Bizdan kutilayotgan barqaror oy.
B9: Plan to'liq | C9: 350 | D9: 119 | E9: 96 | F9: 0.95 | G9: 0 | H9: =D9/C9 -> 0.34 | I9: =E9/D9 -> 0.80672269 | J9: =MAX(0,INDEX('KPI qoidalari'!$D$20:$D$24,MATCH(H9,'KPI qoidalari'!$B$20:$B$24,1))+IF(I9<'KPI qoidalari'!$C$15,'KPI qoidalari'!$C$16,IF(I9<'KPI qoidalari'!$C$13,'KPI qoidalari'!$C$14,0))+IF(G9>=5,-0.2,0)) -> 1 | K9: =INDEX('KPI qoidalari'!$D$27:$D$30,MATCH(F9,'KPI qoidalari'!$B$27:$B$30,1)) -> 1.1 | L9: =E9*'KPI qoidalari'!$C$10*J9*K9 -> 3696000 | M9: ='KPI qoidalari'!$C$9+L9-G9*'KPI qoidalari'!$C$11 -> 6196000 | N9: Yuqori oqim + norma konversiya + namunali intizom.
B10: Kuchli oy | C10: 330 | D10: 125 | E10: 100 | F10: 0.96 | G10: 0 | H10: =D10/C10 -> 0.37878788 | I10: =E10/D10 -> 0.8 | J10: =MAX(0,INDEX('KPI qoidalari'!$D$20:$D$24,MATCH(H10,'KPI qoidalari'!$B$20:$B$24,1))+IF(I10<'KPI qoidalari'!$C$15,'KPI qoidalari'!$C$16,IF(I10<'KPI qoidalari'!$C$13,'KPI qoidalari'!$C$14,0))+IF(G10>=5,-0.2,0)) -> 1.2 | K10: =INDEX('KPI qoidalari'!$D$27:$D$30,MATCH(F10,'KPI qoidalari'!$B$27:$B$30,1)) -> 1.1 | L10: =E10*'KPI qoidalari'!$C$10*J10*K10 -> 4620000 | M10: ='KPI qoidalari'!$C$9+L10-G10*'KPI qoidalari'!$C$11 -> 7120000 | N10: Konversiya 38% — koeffitsient 1.2 ga chiqdi.
B11: Shartnoma ko'p, SIFAT past | C11: 340 | D11: 145 | E11: 94 | F11: 0.9 | G11: 3 | H11: =D11/C11 -> 0.42647059 | I11: =E11/D11 -> 0.64827586 | J11: =MAX(0,INDEX('KPI qoidalari'!$D$20:$D$24,MATCH(H11,'KPI qoidalari'!$B$20:$B$24,1))+IF(I11<'KPI qoidalari'!$C$15,'KPI qoidalari'!$C$16,IF(I11<'KPI qoidalari'!$C$13,'KPI qoidalari'!$C$14,0))+IF(G11>=5,-0.2,0)) -> 0.8 | K11: =INDEX('KPI qoidalari'!$D$27:$D$30,MATCH(F11,'KPI qoidalari'!$B$27:$B$30,1)) -> 1 | L11: =E11*'KPI qoidalari'!$C$10*J11*K11 -> 2632000 | M11: ='KPI qoidalari'!$C$9+L11-G11*'KPI qoidalari'!$C$11 -> 4982000 | N11: Sinovga ko'p keldi, lekin kutib olish yomon: 65%. Jarima.
B13: SHU JADVALDAN CHIQADIGAN XULOSA
B14: • Oxirgi qator eng muhimi: 94 ta shartnoma qilgan admin 5 208 000 so'm oladi, 80 ta qilgan admin esa 5 700 000 so'm. Sababi — sinovga 145 kishi kelgan-u faqat 94 tasi shartnoma qilgan (65%, norma 80%). Ya'ni mehmonlarni yomon kutib olgan va 3 ta tiket olgan.
B15: • Aynan shu bizga kerak: pul faqat SONGA emas, SIFATGA ham bog'langan. Yashirin mijoz auditidagi 13 mezon bo'yicha ballimiz tushmasligi shu mexanizm orqali ta'minlanadi.
B16: • Zaif oyda hisoblangan summa 4 500 000 dan past chiqadi — birinchi 2 oyda kafolat ishlaydi, keyin ishlamaydi.

Sheet Kunlik norma
A1: KUNLIK NORMA Har kuni ertalab 09:00 da shu raqamlar aytiladi. Oylik reja kunlik songa bo'lingan.
B5: KUNLIK RAQAMLAR (oylik rejadan kelib chiqadi)
B6: Oylik shartnoma rejasi | C6: 90 | F6: Sariq yacheyka — o'zgartirilsa hamma raqam qayadan hisoblanadi
B7: Kunlik shartnoma | C7: =$C$6/'Plan matematikasi'!$C$7 -> 3.4615385 | F7: O'rtacha kunlik natija.
B8: Kunlik sinov darsi (kutib olish) | C8: =$C$6/'Plan matematikasi'!$C$5/'Plan matematikasi'!$C$7 -> 4.3269231 | F8: Kuniga shuncha mijoz keladi.
B9: Kunlik yangi lid | C9: =$C$6/'Plan matematikasi'!$C$5/'Plan matematikasi'!$C$6/'Plan matematikasi'!$C$7 -> 13.521635 | F9: Marketingdan kutiladigan oqim.
B10: Kunlik qo'ng'iroq/teginish | C10: =C9*'Plan matematikasi'!$C$8 -> 40.564904 | F10: Qo'n'g'iroqlar soni
B11: SIFAT NORMATIVLARI (kunlik, pulga bevosita ta'sir qiladi)
B12: Normativ | C12: Norma | F12: Qaysi audit mezoniga bog'liq
B13: Kiruvchi qo'ng'iroqqa javob | C13: 3-gudokgacha | F13: 1-mezon: Telefonga tez javob berdi
B14: Javobsiz qo'ng'iroqni qaytarish | C14: 15 daqiqa ichida | F14: 1-mezon
B15: Instagram Direct / Telegramga javob | C15: 15 daqiqa ichida | F15: 3-mezon: DMga 1 soat ichida javob berdi
B16: Ehtiyoj maydonlari to'ldirilishi | C16: lidlarning 95% | F16: 2-mezon: Ismini va ehtiyojini so'radi
B17: Har suhbatda raqamli natija aytish | C17: 100% | F17: 5-mezon: Natijani RAQAM bilan aytdi — bizda 0 ball
B18: Sinov darsiga taklif qilish | C18: har kvalifikatsiyada | F18: 6-mezon: Sinov darsiga chaqirdi
B19: «Kutib olish eslatmasi» to'ldirilishi | C19: 100% | F19: 13-mezon: Administrator xushmuomala
B20: Kunlik muloqot vaqti (jami gaplashish) | C20: 2 soat va undan ko'p | F20: Umumiy sotuv faolligi
B21: Kun oxirida kechikkan vazifa | C21: 0 ta | F21: 8-mezon: Qayta qo'ng'iroq qildi — bizda 0 ball
B22: Kun oxirida vazifasiz sdelka | C22: 0 ta | F22: 8-mezon

Sheet Kelajakda_bolinish
A1: KELAJAKDA: ADMIN VA CALL OPERATOR ALOHIDA BO'LGANDA Voronka o'zgarmaydi — faqat mas'ul almashadi va pul ikkiga bo'linadi.
B5: PUL TAQSIMOTI
B6: Element | C6: CALL OPERATOR | D6: ADMIN | E6: Izoh
B7: Oklad | C7: 2000000 | D7: 2500000 | E7: Adminda ko'proq — u shartnoma, hujjat, kassa bilan ishlaydi.
B8: Baza to'lov (1 birlik uchun) | C8: 25000 | D8: 35000 | E8: Operatorga — sinovga KELGAN har bir odam uchun. Adminga — har bir shartnoma uchun.
B9: Asosiy koeffitsient | C9: lid → sinovga kelish | D9: kelgan → shartnoma | E9: Har kim faqat o'z bosqichi uchun javob beradi.
B10: Norma | C10: 30–35% | D10: 80%
B11: Kutilgan oylik (norma bajarilganda) | C11: 4.5–5.5 mln | D11: 5.5–6.5 mln | E11: Ikkalasining yig'indisi gibriddan qimmat — lekin o'shanda 150+ shartnomaga chiqiladi.
B12: VORONKADAGI MAS'UL ALMASHINUVI
B13: Etap | C13: Mas'ul | E13: Izoh
B14: 1. Yangi lid | C14: OPERATOR | E14: amoCRM avtomatik yaratadi. 15 daqiqa SLA.
B15: 2. Aloqaga chiqildi | C15: OPERATOR | E15: Birinchi urinish qilindi.
B16: 3. Kvalifikatsiya qilindi | C16: OPERATOR | E16: Ehtiyoj aniqlandi, maydonlar to'ldirildi.
B17: 4. Sinov darsiga yozildi | C17: OPERATOR → ADMIN | E17: SHU YERDA MAS'UL AVTOMATIK ADMINGA O'TADI.
B18: 5. Sinov darsi o'tkazildi | C18: ADMIN | E18: Kutib olish, kuzatish, o'qituvchi bahosini olish.
B19: 6. Taklif berildi | C19: ADMIN | E19: Narx, guruh, jadval.
B20: 7. Shartnoma imzolandi | C20: ADMIN | E20: Hujjat, to'lov, LMSga o'tkazish.
B21: 8. Yopildi — amalga oshmadi | C21: kim yopsa o'sha | E21: Rad etish sababi majburiy.
B22: IKKI TEXNIK MAYDON — HOZIRDAN KIRITILADI
B23: Lidni ishlagan operator | C23: 3-etapdan chiqqanda avtomatik to'ldiriladi. Mas'ul Adminga o'tsa ham operator o'z konversiyasini yo'qotmaydi.
B24: Shartnomani yopgan admin | C24: 7-etapda avtomatik to'ldiriladi. Adminning konversiyasi shu maydon bo'yicha hisoblanadi.
B25: Bu ikki maydonni HOZIRDAN kiritish kerak. Hozir ikkalasiga ham bitta ism tushadi, bo'linganda esa hech narsa o'zgartirmasdan tizim ishlab ketaveradi.
B26: ASOSIY XAVF: operator «sinovga yozdim» deb sifatsiz lidni surib yuborishi mumkin. Shuning uchun operatorning bonusi yozilganga emas, sinovga KELGANga bog'lanadi. Kelmasa — hisoblanmaydi. Hozir bu muammo yo'q, lekin qoidani hozirdan yozib qo'yish kerak.

Sheet Geymifikatsiya
A1: KUNLIK GEYMIFIKATSIYA — OYLIKDAN TASHQARI Naqd va tezkor. Oylik bonus — uzoq motivatsiya, bu — kunlik motivatsiya.
A5: A. MUKOFOTLAR VA OYLIK FOND
B6: Yutuq | C6: BONUS | D6: Oyiga necha marta (taxmin) | E6: Oylik fond
B7: Kunlik 4-shartnoma | C7: 30000 | D7: 4 | E7: =C7*D7 -> 120000
B8: Kunlik 5-shartnoma | C8: 50000 | D8: 2 | E8: =C8*D8 -> 100000
B9: Kuniga 50+ qo'ng'iroq va 2 soat+ muloqot | C9: 25000 | D9: 8 | E9: =C9*D9 -> 200000
B10: Haftalik sifat nazorati 10/10 | C10: 100000 | D10: 2 | E10: =C10*D10 -> 200000
B11: JAMI OYLIK GEYMIFIKATSIYA FONDI | E11: =SUM(E7:E10) -> 620000
A12: B. NOMODDIY ELEMENTLAR
B13: Qo'ng'iroq (zvonok) | C13: Har shartnomadan keyin ikki marta chalinadi. Kichik, lekin jamoada ta'siri katta — g'alaba e'lon qilinadi, boshqalarga sog'lom raqobat beradi.
B14: Doska | C14: Kunlik reja, bajarilgani va kechikkan vazifalar doskaga yoziladi. Vizual, shaffof.
B15: Muzlatgich | C15: Xodim yoqtirgan ichimlik/shirinlik ro'yxatini o'zi tuzadi. Kunlik 2-shartnomadan keyin bepul olish huquqi.
B16: Stiker tizimi | C16: Standupda kechagi muammo stikerga yozilib doskaga yopishtiriladi, kun ichida yechim topish majburiyati olinadi.
B17: Geymifikatsiya fondi ALOHIDA byudjet sifatida yuritiladi — oylik hisobiga kirmaydi.
